position,entity,norm,
STOCK,AMORE_GROUP,아모레G,
STOCK,AMOREPACIFIC,아모레퍼시픽,
STOCK,ASIANA_AIRLINES,아시아나항공,
STOCK,CELLTRION,셀트리온,
STOCK,CJ,CJ,
STOCK,CJ_CGV,CJCGV,
STOCK,CJ_CHEILJEDANG,CJ제일제당,
STOCK,CJ_LOGISTICS,CJ대한통운,
STOCK,CUCKOO,쿠쿠홈시스,
STOCK,DAEWOONG,대웅,
STOCK,DL,DL,
STOCK,DL_E&C,DL이앤씨,
STOCK,DOOSAN,두산,
STOCK,EMART,이마트,
STOCK,GS_E&C,GS건설,
STOCK,GS_HOLDINGS,GS,
STOCK,HANKOOK_TIRE_&_TECHNOLOGY,한국타이어앤테크놀로지,
STOCK,HITE_JINRO,하이트진로,
STOCK,HYBE,하이브,
STOCK,HYOSUNG,효성,
STOCK,HYUNDAI_ENG_&_CONST,현대건설,
STOCK,HYUNDAI_MOBIS,현대모비스,
STOCK,HYUNDAI_MTR,현대차,
STOCK,IBK,기업은행,
STOCK,KAKAO,카카오,
STOCK,KAKAOBANK,카카오뱅크,
STOCK,KAKAOPAY,카카오페이,
STOCK,KAL,대한항공,
STOCK,KBFINANCIALGROUP,KB금융,
STOCK,KCC,KCC,
STOCK,KEPCO,한국전력,
STOCK,KIA,기아,
STOCK,KIH,한국금융지주,
STOCK,KIWOOM,키움증권,
STOCK,KOGAS,한국가스공사,
STOCK,KOLON_IND,코오롱인더,
STOCK,KRAFTON,크래프톤,
STOCK,KT,KT,
STOCK,KT&G,KT&G,
STOCK,KUMHO_PETRO_CHEM,금호석유,
STOCK,KUMHO_TIRE,금호타이어,
STOCK,LG_CHEM,LG화학,
STOCK,LG_CORP,LG,
STOCK,LG_DISPLAY,LG디스플레이,
STOCK,LG_ELECTRONICS_INC,LG전자,
STOCK,LG_H&H,LG생활건강,
STOCK,LG_INNOTEK,LG이노텍,
STOCK,LG_UPLUS,LG유플러스,
STOCK,LOTTE,롯데,
STOCK,MERITZ_FINANCIAL,메리츠금융지주,
STOCK,MIRAE_ASSET_SEC,미래에셋증권,
STOCK,NAVER,NAVER,
STOCK,NCSOFT_CORPORATION,엔씨소프트,
STOCK,NETMARBLE,넷마블,
STOCK,NEXEN_TIRE,넥센타이어,
STOCK,NHIS,NH투자증권,
STOCK,NONGSHIM,농심,
STOCK,ORION,오리온,
STOCK,OTTOGI,오뚜기,
STOCK,POSCO,POSCO,
STOCK,POSCO_CHEMICAL,포스코케미칼,
STOCK,POSCO_INTERNATIONAL,포스코인터내셔널,
STOCK,S-1,에스원,
STOCK,SAMSUNG_BIOLOGICS,삼성바이오로직스,
STOCK,SAMSUNG_C&T,삼성물산,
STOCK,SAMSUNG_CARD,삼성카드,
STOCK,SAMSUNG_ELEC,삼성전자,
STOCK,SAMSUNG_ELEC_MECH,삼성전기,
STOCK,SAMSUNG_F_&_M_INS,삼성화재,
STOCK,SAMSUNG_SDI,삼성SDI,
STOCK,SAMSUNG_SDS,삼성에스디에스,
STOCK,SHINPOONG_PHARM,신풍제약,
STOCK,SHINSEGAE,신세계,
STOCK,SK,SK,
STOCK,SK_HYNIX,SK하이닉스,
STOCK,SK_INNOVATION,SK이노베이션,
STOCK,SK_TELECOM,SK텔레콤,
STOCK,SKBS,SK바이오사이언스,
STOCK,SKC,SKC,
STOCK,SKCHEM,SK케미칼,
STOCK,SKIET,SK아이이테크놀로지,
STOCK,SKNETWORKS,SK네트웍스,
STOCK,SKSQUARE,SK스퀘어,
STOCK,SL,에스엘,
STOCK,SNT_MOTIV,SNT모티브,
STOCK,S-OIL,S-Oil,
STOCK,STOCK,코스맥스,
STOCK,STOCK,코웨이,
STOCK,STOCK,씨에스윈드,
STOCK,STOCK,대상,
STOCK,STOCK,대우조선해양,
STOCK,STOCK,DB하이텍,
STOCK,STOCK,DB손해보험,
STOCK,STOCK,동국제강,
STOCK,STOCK,동서,
STOCK,STOCK,동원F&B,
STOCK,STOCK,동원산업,
STOCK,STOCK,휠라홀딩스,
STOCK,STOCK,후성,
STOCK,STOCK,녹십자,
STOCK,STOCK,녹십자홀딩스,
STOCK,STOCK,GS리테일,
STOCK,STOCK,하나금융지주,
STOCK,STOCK,한올바이오파마,
STOCK,STOCK,한국앤컴퍼니,
STOCK,STOCK,한미사이언스,
STOCK,STOCK,한미약품,
STOCK,STOCK,한온시스템,
STOCK,STOCK,한세실업,
STOCK,STOCK,한샘,
STOCK,STOCK,한화,
STOCK,STOCK,한화에어로스페이스,
STOCK,STOCK,한화생명,
STOCK,STOCK,한화솔루션,
STOCK,STOCK,한화시스템,
STOCK,STOCK,HDC현대산업개발,
STOCK,STOCK,현대두산인프라코어,
STOCK,STOCK,HMM,
STOCK,STOCK,호텔신라,
STOCK,STOCK,화승엔터프라이즈,
STOCK,STOCK,현대백화점,
STOCK,STOCK,현대엘리베이,
STOCK,STOCK,현대글로비스,
STOCK,STOCK,현대그린푸드,
STOCK,STOCK,현대중공업,
STOCK,STOCK,현대미포조선,
STOCK,STOCK,현대로템,
STOCK,STOCK,현대제철,
STOCK,STOCK,현대위아,
STOCK,STOCK,현대중공업지주,
STOCK,STOCK,현대홈쇼핑,
STOCK,STOCK,현대해상,
STOCK,STOCK,일진머티리얼즈,
STOCK,STOCK,아이에스동서,
STOCK,STOCK,삼성엔지니어링,
STOCK,STOCK,삼성중공업,
STOCK,STOCK,삼성생명,
STOCK,STOCK,삼성증권,
STOCK,STOCK,삼양홀딩스,
STOCK,STOCK,세방전지,
STOCK,STOCK,신한지주,
STOCK,STOCK,SK바이오팜,
STOCK,STOCK,SK디스커버리,
STOCK,STOCK,쌍용C&E,
STOCK,STOCK,BGF리테일,
STOCK,STOCK,BNK금융지주,
STOCK,STOCK,보령제약,
STOCK,STOCK,부광약품,
STOCK,STOCK,제일기획,
STOCK,STOCK,종근당,
STOCK,STOCK,더블유게임즈,
STOCK,STOCK,대우건설,
STOCK,STOCK,동원시스템즈,
STOCK,STOCK,GKL,
STOCK,STOCK,한솔케미칼,
STOCK,STOCK,한섬,
STOCK,STOCK,한진칼,
STOCK,STOCK,휴켐스,
STOCK,STOCK,강원랜드,
STOCK,STOCK,한전기술,
STOCK,STOCK,한전KPS,
STOCK,STOCK,KG동부제철,
STOCK,STOCK,한국콜마,
STOCK,STOCK,고려아연,
STOCK,STOCK,한국항공우주,
STOCK,STOCK,대한유화,
STOCK,STOCK,한국조선해양,
STOCK,STOCK,LIG넥스원,
STOCK,STOCK,LS,
STOCK,STOCK,LSELECTRIC,
STOCK,STOCK,LX인터내셔널,
STOCK,STOCK,만도,
STOCK,STOCK,명신산업,
STOCK,STOCK,OCI,
STOCK,STOCK,팬오션,
STOCK,STOCK,PI첨단소재,
STOCK,STOCK,풍산,
STOCK,STOCK,3S,
STOCK,STOCK,AJ네트웍스,
STOCK,STOCK,AK홀딩스,
STOCK,STOCK,APS홀딩스,
STOCK,STOCK,AP시스템,
STOCK,STOCK,AP위성,
STOCK,STOCK,ARIRANG200,
STOCK,STOCK,ARIRANGESG가치주액티브,
STOCK,STOCK,ARIRANG고배당주,
STOCK,STOCK,ARIRANG신흥국MSCI(합성H),
STOCK,STOCK,ARIRANG코스피TR,
STOCK,STOCK,BGF,
STOCK,STOCK,BNGT,
STOCK,STOCK,BYC,
STOCK,STOCK,CBI,
STOCK,STOCK,CJ4우(전환),
STOCK,STOCK,CJENM,
STOCK,STOCK,CJ바이오사이언스,
STOCK,STOCK,CJ씨푸드,
STOCK,STOCK,CJ우,
STOCK,STOCK,CJ제일제당우,
STOCK,STOCK,CJ프레시웨이,
STOCK,STOCK,CMG제약,
STOCK,STOCK,CNT85,
STOCK,STOCK,CS홀딩스,
STOCK,STOCK,DB,
STOCK,STOCK,DB금융투자,
STOCK,STOCK,DGB금융지주,
STOCK,STOCK,DI동일,
STOCK,STOCK,DL건설,
STOCK,STOCK,DMS,
STOCK,STOCK,DRB동일,
STOCK,STOCK,DSC인베스트먼트,
STOCK,STOCK,DSR,
STOCK,STOCK,DSR제강,
STOCK,STOCK,E1,
STOCK,STOCK,EDGC,
STOCK,STOCK,EG,
STOCK,STOCK,ESR켄달스퀘어리츠,
STOCK,STOCK,F&F,
STOCK,STOCK,F&F홀딩스,
STOCK,STOCK,FSN,
STOCK,STOCK,GST,
STOCK,STOCK,GS글로벌,
STOCK,STOCK,GS우,
STOCK,STOCK,HANARO200,
STOCK,STOCK,HANARO200TOP10,
STOCK,STOCK,HANARO200TR,
STOCK,STOCK,HANARO200선물인버스,
STOCK,STOCK,HANAROe커머스,
STOCK,STOCK,HANAROMSCIKoreaTR,
STOCK,STOCK,HANARO단기채권액티브,
STOCK,STOCK,HB솔루션,
STOCK,STOCK,HB테크놀러지,
STOCK,STOCK,HDC,
STOCK,STOCK,HDC랩스,
STOCK,STOCK,HDC현대EP,
STOCK,STOCK,HJ중공업,
STOCK,STOCK,HK이노엔,
STOCK,STOCK,HLB,
STOCK,STOCK,HLB생명과학,
STOCK,STOCK,HLB제약,
STOCK,STOCK,HLB테라퓨틱스,
STOCK,STOCK,HRS,
STOCK,STOCK,HSD엔진,
STOCK,STOCK,IHQ,
STOCK,STOCK,iMBC,
STOCK,STOCK,ISC,
STOCK,STOCK,JB금융지주,
STOCK,STOCK,JTC,
STOCK,STOCK,JW생명과학,
STOCK,STOCK,JW신약,
STOCK,STOCK,JW중외제약,
STOCK,STOCK,JW홀딩스,
STOCK,STOCK,JYPEnt,
STOCK,STOCK,KBSTAR200,
STOCK,STOCK,KBSTARESG사회책임투자,
STOCK,STOCK,KBSTARFn5G테크,
STOCK,STOCK,KBSTARFn수소경제테마,
STOCK,STOCK,KBSTARiSelect메타버스,
STOCK,STOCK,KBSTARIT플러스,
STOCK,STOCK,KBSTARKIS국고채30년Enhanced,
STOCK,STOCK,KBSTARKIS단기종합채권(AA-이상)액티브,
STOCK,STOCK,KBSTARKIS종합채권(A-이상)액티브,
STOCK,STOCK,KBSTAR고배당,
STOCK,STOCK,KBSTAR국고채3년선물인버스,
STOCK,STOCK,KBSTAR단기국공채액티브,
STOCK,STOCK,KBSTAR단기통안채,
STOCK,STOCK,KBSTAR미국S&P500,
STOCK,STOCK,KBSTAR미국나스닥100,
STOCK,STOCK,KBSTAR중국본토대형주CSI100,
STOCK,STOCK,KBSTAR중기우량회사채,
STOCK,STOCK,KBSTAR코스닥150,
STOCK,STOCK,KBSTAR코스닥150선물레버리지,
STOCK,STOCK,KBSTAR코스피,
STOCK,STOCK,KBWise분할매매ETN,
STOCK,STOCK,KCC건설,
STOCK,STOCK,KCC글라스,
STOCK,STOCK,KCI,
STOCK,STOCK,KCTC,
STOCK,STOCK,KC그린홀딩스,
STOCK,STOCK,KC코트렐,
STOCK,STOCK,KEC,
STOCK,STOCK,KGETS,
STOCK,STOCK,KG모빌리언스,
STOCK,STOCK,KG이니시스,
STOCK,STOCK,KG케미칼,
STOCK,STOCK,KH바텍,
STOCK,STOCK,KH필룩스,
STOCK,STOCK,KINDEX200,
STOCK,STOCK,KINDEX200TR,
STOCK,STOCK,KINDEX단기통안채,
STOCK,STOCK,KINDEX미국S&P500,
STOCK,STOCK,KINDEX미국WideMoat가치주,
STOCK,STOCK,KINDEX미국나스닥100,
STOCK,STOCK,KINDEX베트남VN30(합성),
STOCK,STOCK,KINDEX중국본토CSI300,
STOCK,STOCK,KISCO홀딩스,
STOCK,STOCK,KMH,
STOCK,STOCK,KNN,
STOCK,STOCK,KODEX200,
STOCK,STOCK,KODEX200ITTR,
STOCK,STOCK,KODEX200TR,
STOCK,STOCK,KODEX200선물인버스2X,
STOCK,STOCK,KODEX2차전지산업,
STOCK,STOCK,KODEXK-메타버스액티브,
STOCK,STOCK,KODEXK-미래차액티브,
STOCK,STOCK,KODEXK-신재생에너지액티브,
STOCK,STOCK,KODEXMSCIKoreaTR,
STOCK,STOCK,KODEXTop5PlusTR,
STOCK,STOCK,KODEXTRF3070,
STOCK,STOCK,KODEXWTI원유선물(H),
STOCK,STOCK,KODEX건설,
STOCK,STOCK,KODEX골드선물(H),
STOCK,STOCK,KODEX국고채3년,
STOCK,STOCK,KODEX단기변동금리부채권액티브,
STOCK,STOCK,KODEX단기채권,
STOCK,STOCK,KODEX단기채권PLUS,
STOCK,STOCK,KODEX레버리지,
STOCK,STOCK,KODEX미국FANG플러스(H),
STOCK,STOCK,KODEX미국S&P500TR,
STOCK,STOCK,KODEX미국S&P500선물(H),
STOCK,STOCK,KODEX미국나스닥100TR,
STOCK,STOCK,KODEX미국나스닥100레버리지(합성H),
STOCK,STOCK,KODEX미국나스닥100선물(H),
STOCK,STOCK,KODEX미국달러선물,
STOCK,STOCK,KODEX미국메타버스나스닥액티브,
STOCK,STOCK,KODEX반도체,
STOCK,STOCK,KODEX배당가치,
STOCK,STOCK,KODEX삼성그룹,
STOCK,STOCK,KODEX선진국MSCIWorld,
STOCK,STOCK,KODEX유럽탄소배출권선물ICE(H),
STOCK,STOCK,KODEX은선물(H),
STOCK,STOCK,KODEX은행,
STOCK,STOCK,KODEX인버스,
STOCK,STOCK,KODEX자동차,
STOCK,STOCK,KODEX장기종합채권(AA-이상)액티브KAP,
STOCK,STOCK,KODEX종합채권(AA-이상)액티브,
STOCK,STOCK,KODEX차이나CSI300,
STOCK,STOCK,KODEX차이나H,
STOCK,STOCK,KODEX차이나과창판STAR50(합성),
STOCK,STOCK,KODEX차이나항셍테크,
STOCK,STOCK,KODEX철강,
STOCK,STOCK,KODEX코스닥150,
STOCK,STOCK,KODEX코스닥150레버리지,
STOCK,STOCK,KODEX코스닥150선물인버스,
STOCK,STOCK,KODEX코스피,
STOCK,STOCK,KODEX한국대만IT프리미어,
STOCK,STOCK,KOSEF200,
STOCK,STOCK,KOSEF200TR,
STOCK,STOCK,KOSEF국고채10년,
STOCK,STOCK,KOSEF단기자금,
STOCK,STOCK,KOSEF인도Nifty50(합성),
STOCK,STOCK,KOSEF통안채1년,
STOCK,STOCK,KPX생명과학,
STOCK,STOCK,KPX케미칼,
STOCK,STOCK,KPX홀딩스,
STOCK,STOCK,KR모터스,
STOCK,STOCK,KSS해운,
STOCK,STOCK,KTB투자증권,
STOCK,STOCK,KTcs,
STOCK,STOCK,KTis,
STOCK,STOCK,KT서브마린,
STOCK,STOCK,LF,
STOCK,STOCK,LG헬로비전,
STOCK,STOCK,LS네트웍스,
STOCK,STOCK,LS전선아시아,
STOCK,STOCK,LX세미콘,
STOCK,STOCK,LX하우시스,
STOCK,STOCK,LX홀딩스,
STOCK,STOCK,MH에탄올,
STOCK,STOCK,NEW,
STOCK,STOCK,NE능률,
STOCK,STOCK,NHN,
STOCK,STOCK,NHN벅스,
STOCK,STOCK,NHN한국사이버결제,
STOCK,STOCK,NH올원리츠,
STOCK,STOCK,NH프라임리츠,
STOCK,STOCK,NICE,
STOCK,STOCK,NICE평가정보,
STOCK,STOCK,NI스틸,
STOCK,STOCK,NPC,
STOCK,STOCK,QV코스피변동성매칭형양매도ETN,
STOCK,STOCK,RFHIC,
STOCK,STOCK,RF머트리얼즈,
STOCK,STOCK,SBI인베스트먼트,
STOCK,STOCK,SBI핀테크솔루션즈,
STOCK,STOCK,SBS,
STOCK,STOCK,SBS콘텐츠허브,
STOCK,STOCK,SCI평가정보,
STOCK,STOCK,SDN,
STOCK,STOCK,SFA반도체,
STOCK,STOCK,SGC에너지,
STOCK,STOCK,SGC이테크건설,
STOCK,STOCK,SG글로벌,
STOCK,STOCK,SG세계물산,
STOCK,STOCK,SH에너지화학,
STOCK,STOCK,SIMPAC,
STOCK,STOCK,SJM,
STOCK,STOCK,SK가스,
STOCK,STOCK,SK디앤디,
STOCK,STOCK,SK렌터카,
STOCK,STOCK,SK리츠,
STOCK,STOCK,SK증권,
STOCK,STOCK,SMC&C,
STOCK,STOCK,SMLifeDesign,
STOCK,STOCK,SNK,
STOCK,STOCK,SNT에너지,
STOCK,STOCK,SNT중공업,
STOCK,STOCK,SNT홀딩스,
STOCK,STOCK,S-Oil우,
STOCK,STOCK,SOL200TR,
STOCK,STOCK,SOLKIS단기통안채,
STOCK,STOCK,SPC삼립,
STOCK,STOCK,STX,
STOCK,STOCK,STX엔진,
STOCK,STOCK,STX중공업,
STOCK,STOCK,SUN&L,
STOCK,STOCK,SV인베스트먼트,
STOCK,STOCK,TCC스틸,
STOCK,STOCK,THEE&M,
STOCK,STOCK,TIGER200,
STOCK,STOCK,TIGER200IT,
STOCK,STOCK,TIGER200TR,
STOCK,STOCK,TIGER200건설,
STOCK,STOCK,TIGER200선물레버리지,
STOCK,STOCK,TIGER200선물인버스2X,
STOCK,STOCK,TIGER200중공업,
STOCK,STOCK,TIGER2차전지테마,
STOCK,STOCK,TIGERCD금리투자KIS(합성),
STOCK,STOCK,TIGERFn메타버스,
STOCK,STOCK,TIGERKRX2차전지K-뉴딜,
STOCK,STOCK,TIGERKRXBBIGK-뉴딜,
STOCK,STOCK,TIGERKRX바이오K-뉴딜,
STOCK,STOCK,TIGERMSCIKoreaTR,
STOCK,STOCK,TIGERTOP10,
STOCK,STOCK,TIGER경기방어,
STOCK,STOCK,TIGER국채3년,
STOCK,STOCK,TIGER글로벌4차산업혁신기술(합성H),
STOCK,STOCK,TIGER글로벌BBIG액티브,
STOCK,STOCK,TIGER글로벌리튬&2차전지SOLACTIVE(합성),
STOCK,STOCK,TIGER글로벌메타버스액티브,
STOCK,STOCK,TIGER글로벌자율주행&전기차SOLACTIVE,
STOCK,STOCK,TIGER단기채권액티브,
STOCK,STOCK,TIGER단기통안채,
STOCK,STOCK,TIGER미국MSCI리츠(합성H),
STOCK,STOCK,TIGER미국S&P500,
STOCK,STOCK,TIGER미국S&P500레버리지(합성H),
STOCK,STOCK,TIGER미국S&P500선물(H),
STOCK,STOCK,TIGER미국나스닥100,
STOCK,STOCK,TIGER미국다우존스30,
STOCK,STOCK,TIGER미국달러단기채권액티브,
STOCK,STOCK,TIGER미국채10년선물,
STOCK,STOCK,TIGER미국테크TOP10INDXX,
STOCK,STOCK,TIGER미국필라델피아반도체나스닥,
STOCK,STOCK,TIGER미디어컨텐츠,
STOCK,STOCK,TIGER반도체,
STOCK,STOCK,TIGER부동산인프라고배당,
STOCK,STOCK,TIGER소프트웨어,
STOCK,STOCK,TIGER여행레저,
STOCK,STOCK,TIGER원유선물Enhanced(H),
STOCK,STOCK,TIGER유로스탁스50(합성H),
STOCK,STOCK,TIGER인버스,
STOCK,STOCK,TIGER중국소비테마,
STOCK,STOCK,TIGER차이나CSI300,
STOCK,STOCK,TIGER차이나CSI300레버리지(합성),
STOCK,STOCK,TIGER차이나HSCEI,
STOCK,STOCK,TIGER차이나과창판STAR50(합성),
STOCK,STOCK,TIGER차이나바이오테크SOLACTIVE,
STOCK,STOCK,TIGER차이나전기차SOLACTIVE,
STOCK,STOCK,TIGER차이나클린에너지SOLACTIVE,
STOCK,STOCK,TIGER차이나항셍테크,
STOCK,STOCK,TIGER코스닥150,
STOCK,STOCK,TIGER코스피,
STOCK,STOCK,TIGER탄소효율그린뉴딜,
STOCK,STOCK,TIGER퓨처모빌리티액티브,
STOCK,STOCK,TIGER헬스케어,
STOCK,STOCK,TIGER현대차그룹+펀더멘털,
STOCK,STOCK,TIMEFOLIOKstock액티브,
STOCK,STOCK,TRUES&P500선물ETN,
STOCK,STOCK,TRUE나스닥100ETN,
STOCK,STOCK,TRUE레버리지S&P500선물ETN(H),
STOCK,STOCK,TRUE레버리지나스닥100ETN,
STOCK,STOCK,TRUE레버리지천연가스선물ETN(H),
STOCK,STOCK,TRUE코스피양매도5%OTMETN,
STOCK,STOCK,TS인베스트먼트,
STOCK,STOCK,TS트릴리온,
STOCK,STOCK,TYM,
STOCK,STOCK,WI,
STOCK,STOCK,YBM넷,
STOCK,STOCK,YGPLUS,
STOCK,STOCK,YTN,
STOCK,STOCK,가비아,
STOCK,STOCK,가온미디어,
STOCK,STOCK,가온전선,
STOCK,STOCK,감성코퍼레이션,
STOCK,STOCK,강남제비스코,
STOCK,STOCK,강스템바이오텍,
STOCK,STOCK,갤럭시아머니트리,
STOCK,STOCK,갤럭시아에스엠,
STOCK,STOCK,경남스틸,
STOCK,STOCK,경농,
STOCK,STOCK,경동나비엔,
STOCK,STOCK,경동도시가스,
STOCK,STOCK,경동인베스트,
STOCK,STOCK,경동제약,
STOCK,STOCK,경방,
STOCK,STOCK,경보제약,
STOCK,STOCK,경인양행,
STOCK,STOCK,경창산업,
STOCK,STOCK,계룡건설,
STOCK,STOCK,계양전기,
STOCK,STOCK,고려산업,
STOCK,STOCK,고려시멘트,
STOCK,STOCK,고려신용정보,
STOCK,STOCK,고려제강,
STOCK,STOCK,고바이오랩,
STOCK,STOCK,고영,
STOCK,STOCK,골드퍼시픽,
STOCK,STOCK,골프존,
STOCK,STOCK,골프존뉴딘홀딩스,
STOCK,STOCK,광동제약,
STOCK,STOCK,광림,
STOCK,STOCK,광명전기,
STOCK,STOCK,광전자,
STOCK,STOCK,광주신세계,
STOCK,STOCK,광진윈텍,
STOCK,STOCK,교보증권,
STOCK,STOCK,교촌에프앤비,
STOCK,STOCK,국도화학,
STOCK,STOCK,국동,
STOCK,STOCK,국보,
STOCK,STOCK,국보디자인,
STOCK,STOCK,국순당,
STOCK,STOCK,국일제지,
STOCK,STOCK,국전약품,
STOCK,STOCK,국제약품,
STOCK,STOCK,그린케미칼,
STOCK,STOCK,그린플러스,
STOCK,STOCK,극동유화,
STOCK,STOCK,글로벌텍스프리,
STOCK,STOCK,금강공업,
STOCK,STOCK,금강철강,
STOCK,STOCK,금비,
STOCK,STOCK,금양,
STOCK,STOCK,금호건설,
STOCK,STOCK,금호에이치티,
STOCK,STOCK,금호전기,
STOCK,STOCK,금화피에스시,
STOCK,STOCK,기가레인,
STOCK,STOCK,기신정기,
STOCK,STOCK,까뮤이앤씨,
STOCK,STOCK,깨끗한나라,
STOCK,STOCK,나노스,
STOCK,STOCK,나노신소재,
STOCK,STOCK,나노씨엠에스,
STOCK,STOCK,나노엔텍,
STOCK,STOCK,나라엠앤디,
STOCK,STOCK,나무가,
STOCK,STOCK,나무기술,
STOCK,STOCK,나스미디어,
STOCK,STOCK,나우IB,
STOCK,STOCK,나이벡,
STOCK,STOCK,나이스디앤비,
STOCK,STOCK,나이스정보통신,
STOCK,STOCK,나인테크,
STOCK,STOCK,남광토건,
STOCK,STOCK,남선알미늄,
STOCK,STOCK,남성,
STOCK,STOCK,남양유업,
STOCK,STOCK,남해화학,
STOCK,STOCK,남화산업,
STOCK,STOCK,남화토건,
STOCK,STOCK,내츄럴엔도텍,
STOCK,STOCK,네오리진,
STOCK,STOCK,네오셈,
STOCK,STOCK,네오위즈,
STOCK,STOCK,네오위즈홀딩스,
STOCK,STOCK,네오이뮨텍,
STOCK,STOCK,네오크레마,
STOCK,STOCK,네오팜,
STOCK,STOCK,네온테크,
STOCK,STOCK,네이처셀,
STOCK,STOCK,네패스,
STOCK,STOCK,네패스아크,
STOCK,STOCK,넥센,
STOCK,STOCK,넥스턴바이오,
STOCK,STOCK,넥스트BT,
STOCK,STOCK,넥스트사이언스,
STOCK,STOCK,넥스트아이,
STOCK,STOCK,넥스틴,
STOCK,STOCK,넥슨지티,
STOCK,STOCK,넵튠,
STOCK,STOCK,넷게임즈,
STOCK,STOCK,노랑풍선,
STOCK,STOCK,노루페인트,
STOCK,STOCK,노루홀딩스,
STOCK,STOCK,노바렉스,
STOCK,STOCK,노바텍,
STOCK,STOCK,노터스,
STOCK,STOCK,녹십자엠에스,
STOCK,STOCK,녹십자웰빙,
STOCK,STOCK,녹원씨엔아이,
STOCK,STOCK,농심홀딩스,
STOCK,STOCK,농우바이오,
STOCK,STOCK,누리플렉스,
STOCK,STOCK,뉴인텍,
STOCK,STOCK,뉴지랩파마,
STOCK,STOCK,뉴트리,
STOCK,STOCK,뉴파워프라즈마,
STOCK,STOCK,뉴프렉스,
STOCK,STOCK,다나와,
STOCK,STOCK,다날,
STOCK,STOCK,다산네트웍스,
STOCK,STOCK,다스코,
STOCK,STOCK,다우기술,
STOCK,STOCK,다우데이타,
STOCK,STOCK,다원시스,
STOCK,STOCK,다이나믹디자인,
STOCK,STOCK,대교,
STOCK,STOCK,대구백화점,
STOCK,STOCK,대덕,
STOCK,STOCK,대덕전자,
STOCK,STOCK,대동,
STOCK,STOCK,대동전자,
STOCK,STOCK,대림B&Co,
STOCK,STOCK,대림제지,
STOCK,STOCK,대명소노시즌,
STOCK,STOCK,대보마그네틱,
STOCK,STOCK,대봉엘에스,
STOCK,STOCK,대상홀딩스,
STOCK,STOCK,대성산업,
STOCK,STOCK,대성에너지,
STOCK,STOCK,대성창투,
STOCK,STOCK,대성홀딩스,
STOCK,STOCK,대신2X니켈선물ETN(H),
STOCK,STOCK,대신WTI원유선물ETN(H),
STOCK,STOCK,대신골드커버드콜타겟5%인컴ETN(H),
STOCK,STOCK,대신증권,
STOCK,STOCK,대신증권2우B,
STOCK,STOCK,대신철광석선물ETN(H),
STOCK,STOCK,대아티아이,
STOCK,STOCK,대양금속,
STOCK,STOCK,대양전기공업,
STOCK,STOCK,대영포장,
STOCK,STOCK,대우부품,
STOCK,STOCK,대원,
STOCK,STOCK,대원강업,
STOCK,STOCK,대원미디어,
STOCK,STOCK,대원산업,
STOCK,STOCK,대원전선,
STOCK,STOCK,대원제약,
STOCK,STOCK,대원화성,
STOCK,STOCK,대유에이텍,
STOCK,STOCK,대유플러스,
STOCK,STOCK,대정화금,
STOCK,STOCK,대주전자재료,
STOCK,STOCK,대창,
STOCK,STOCK,대창단조,
STOCK,STOCK,대한광통신,
STOCK,STOCK,대한그린파워,
STOCK,STOCK,대한뉴팜,
STOCK,STOCK,대한방직,
STOCK,STOCK,대한약품,
STOCK,STOCK,대한제강,
STOCK,STOCK,대한제당,
STOCK,STOCK,대한제분,
STOCK,STOCK,대한해운,
STOCK,STOCK,대한화섬,
STOCK,STOCK,대현,
STOCK,STOCK,대호에이엘,
STOCK,STOCK,대화제약,
STOCK,STOCK,더네이쳐홀딩스,
STOCK,STOCK,더존비즈온,
STOCK,STOCK,덕산네오룩스,
STOCK,STOCK,덕산테코피아,
STOCK,STOCK,덕산하이메탈,
STOCK,STOCK,덕성,
STOCK,STOCK,덕신하우징,
STOCK,STOCK,덕양산업,
STOCK,STOCK,덕우전자,
STOCK,STOCK,데브시스터즈,
STOCK,STOCK,데이타솔루션,
STOCK,STOCK,덱스터,
STOCK,STOCK,덴티스,
STOCK,STOCK,덴티움,
STOCK,STOCK,도이치모터스,
STOCK,STOCK,도화엔지니어링,
STOCK,STOCK,동구바이오제약,
STOCK,STOCK,동국S&C,
STOCK,STOCK,동국산업,
STOCK,STOCK,동국제약,
STOCK,STOCK,동남합성,
STOCK,STOCK,동방,
STOCK,STOCK,동방아그로,
STOCK,STOCK,동부건설,
STOCK,STOCK,동성제약,
STOCK,STOCK,동성케미컬,
STOCK,STOCK,동성화인텍,
STOCK,STOCK,동신건설,
STOCK,STOCK,동아쏘시오홀딩스,
STOCK,STOCK,동아에스티,
STOCK,STOCK,동아엘텍,
STOCK,STOCK,동아지질,
STOCK,STOCK,동아타이어,
STOCK,STOCK,동아화성,
STOCK,STOCK,동양,
STOCK,STOCK,동양생명,
STOCK,STOCK,동양이엔피,
STOCK,STOCK,동양철관,
STOCK,STOCK,동양파일,
STOCK,STOCK,동양피스톤,
STOCK,STOCK,동운아나텍,
STOCK,STOCK,동원개발,
STOCK,STOCK,동일고무벨트,
STOCK,STOCK,동일금속,
STOCK,STOCK,동일산업,
STOCK,STOCK,동일제강,
STOCK,STOCK,동진쎄미켐,
STOCK,STOCK,동화기업,
STOCK,STOCK,동화약품,
STOCK,STOCK,두산2우B,
STOCK,STOCK,두산퓨얼셀1우,
STOCK,STOCK,두올,
STOCK,STOCK,드래곤플라이,
STOCK,STOCK,드림시큐리티,
STOCK,STOCK,드림어스컴퍼니,
STOCK,STOCK,드림텍,
STOCK,STOCK,디바이스이엔지,
STOCK,STOCK,디스플레이텍,
STOCK,STOCK,디씨엠,
STOCK,STOCK,디아이,
STOCK,STOCK,디아이씨,
STOCK,STOCK,디아이티,
STOCK,STOCK,디아크,
STOCK,STOCK,디알젬,
STOCK,STOCK,디앤디플랫폼리츠,
STOCK,STOCK,디앤씨미디어,
STOCK,STOCK,디어유,
STOCK,STOCK,디에스케이,
STOCK,STOCK,디에이치피코리아,
STOCK,STOCK,디에이테크놀로지,
STOCK,STOCK,디에이피,
STOCK,STOCK,디엔에프,
STOCK,STOCK,디오,
STOCK,STOCK,디와이,
STOCK,STOCK,디와이파워,
STOCK,STOCK,디와이피엔에프,
STOCK,STOCK,디지털대성,
STOCK,STOCK,디지틀조선,
STOCK,STOCK,디케이티,
STOCK,STOCK,디티알오토모티브,
STOCK,STOCK,딥노이드,
STOCK,STOCK,라온시큐어,
STOCK,STOCK,라온테크,
STOCK,STOCK,라온피플,
STOCK,STOCK,라이온켐텍,
STOCK,STOCK,라이트론,
STOCK,STOCK,라이프시맨틱스,
STOCK,STOCK,라파스,
STOCK,STOCK,락앤락,
STOCK,STOCK,래몽래인,
STOCK,STOCK,램테크놀러지,
STOCK,STOCK,랩지노믹스,
STOCK,STOCK,러셀,
STOCK,STOCK,레고켐바이오,
STOCK,STOCK,레드캡투어,
STOCK,STOCK,레몬,
STOCK,STOCK,레이언스,
STOCK,STOCK,레이크머티리얼즈,
STOCK,STOCK,레인보우로보틱스,
STOCK,STOCK,로보로보,
STOCK,STOCK,로보스타,
STOCK,STOCK,로보티즈,
STOCK,STOCK,로스웰,
STOCK,STOCK,롯데렌탈,
STOCK,STOCK,롯데리츠,
STOCK,STOCK,롯데손해보험,
STOCK,STOCK,롯데정보통신,
STOCK,STOCK,롯데제과,
STOCK,STOCK,롯데푸드,
STOCK,STOCK,롯데하이마트,
STOCK,STOCK,루트로닉,
STOCK,STOCK,룽투코리아,
STOCK,STOCK,리노공업,
STOCK,STOCK,리드코프,
STOCK,STOCK,리메드,
STOCK,STOCK,리파인,
STOCK,STOCK,릭스솔루션,
STOCK,STOCK,링네트,
STOCK,STOCK,링크제니시스,
STOCK,STOCK,마니커,
STOCK,STOCK,마이크로디지탈,
STOCK,STOCK,마이크로컨텍솔,
STOCK,STOCK,마인즈랩,
STOCK,STOCK,마크로젠,
STOCK,STOCK,만호제강,
STOCK,STOCK,맘스터치,
STOCK,STOCK,매일유업,
STOCK,STOCK,매일홀딩스,
STOCK,STOCK,매커스,
STOCK,STOCK,맥스트,
STOCK,STOCK,맥쿼리인프라,
STOCK,STOCK,맵스리얼티1,
STOCK,STOCK,머큐리,
STOCK,STOCK,멀티캠퍼스,
STOCK,STOCK,메가스터디,
STOCK,STOCK,메가스터디교육,
STOCK,STOCK,메가엠디,
STOCK,STOCK,메드팩토,
STOCK,STOCK,메디아나,
STOCK,STOCK,메디톡스,
STOCK,STOCK,메디포스트,
STOCK,STOCK,메디프론,
STOCK,STOCK,메리츠화재,
STOCK,STOCK,메지온,
STOCK,STOCK,메카로,
STOCK,STOCK,메타랩스,
STOCK,STOCK,멕아이씨에스,
STOCK,STOCK,명문제약,
STOCK,STOCK,모나리자,
STOCK,STOCK,모나미,
STOCK,STOCK,모다이노칩,
STOCK,STOCK,모두투어,
STOCK,STOCK,모바일어플라이언스,
STOCK,STOCK,모베이스,
STOCK,STOCK,모베이스전자,
STOCK,STOCK,모비릭스,
STOCK,STOCK,모아텍,
STOCK,STOCK,모토닉,
STOCK,STOCK,모트렉스,
STOCK,STOCK,무림P&P,
STOCK,STOCK,무림페이퍼,
STOCK,STOCK,무학,
STOCK,STOCK,문배철강,
STOCK,STOCK,미래나노텍,
STOCK,STOCK,미래아이앤지,
STOCK,STOCK,미래에셋글로벌리츠,
STOCK,STOCK,미래에셋레버리지원유선물혼합ETN(H),
STOCK,STOCK,미래에셋맵스리츠,
STOCK,STOCK,미래에셋벤처투자,
STOCK,STOCK,미래에셋생명,
STOCK,STOCK,미래에셋전기전자Core5ETN,
STOCK,STOCK,미래에셋증권2우B,
STOCK,STOCK,미래에셋코스피양매도5%OTMETN,
STOCK,STOCK,미래컴퍼니,
STOCK,STOCK,미스터블루,
STOCK,STOCK,미원상사,
STOCK,STOCK,미원에스씨,
STOCK,STOCK,미원홀딩스,
STOCK,STOCK,미원화학,
STOCK,STOCK,미창석유,
STOCK,STOCK,미코,
STOCK,STOCK,미코바이오메드,
STOCK,STOCK,미투온,
STOCK,STOCK,미투젠,
STOCK,STOCK,민앤지,
STOCK,STOCK,바디텍메드,
STOCK,STOCK,바른손,
STOCK,STOCK,바른손이앤에이,
STOCK,STOCK,바이넥스,
STOCK,STOCK,바이브컴퍼니,
STOCK,STOCK,바이오니아,
STOCK,STOCK,바이오다인,
STOCK,STOCK,바이오로그디바이스,
STOCK,STOCK,바이오리더스,
STOCK,STOCK,바이오솔루션,
STOCK,STOCK,바이오스마트,
STOCK,STOCK,바이오톡스텍,
STOCK,STOCK,바이오플러스,
STOCK,STOCK,바이젠셀,
STOCK,STOCK,바텍,
STOCK,STOCK,박셀바이오,
STOCK,STOCK,방림,
STOCK,STOCK,백광산업,
STOCK,STOCK,백산,
STOCK,STOCK,버킷스튜디오,
STOCK,STOCK,범양건영,
STOCK,STOCK,베노홀딩스,
STOCK,STOCK,베뉴지,
STOCK,STOCK,벽산,
STOCK,STOCK,보광산업,
STOCK,STOCK,보락,
STOCK,STOCK,보성파워텍,
STOCK,STOCK,보해양조,
STOCK,STOCK,부국증권,
STOCK,STOCK,부국철강,
STOCK,STOCK,부방,
STOCK,STOCK,부산산업,
STOCK,STOCK,뷰노,
STOCK,STOCK,뷰웍스,
STOCK,STOCK,브랜드엑스코퍼레이션,
STOCK,STOCK,브레인즈컴퍼니,
STOCK,STOCK,브릿지바이오테라퓨틱스,
STOCK,STOCK,브이원텍,
STOCK,STOCK,브이티지엠피,
STOCK,STOCK,블루베리NFT,
STOCK,STOCK,블루콤,
STOCK,STOCK,블리츠웨이,
STOCK,STOCK,비나텍,
STOCK,STOCK,비덴트,
STOCK,STOCK,비보존헬스케어,
STOCK,STOCK,비비안,
STOCK,STOCK,비상교육,
STOCK,STOCK,비씨월드제약,
STOCK,STOCK,비아트론,
STOCK,STOCK,비에이치,
STOCK,STOCK,비에이치아이,
STOCK,STOCK,비올,
STOCK,STOCK,비즈니스온,
STOCK,STOCK,비츠로셀,
STOCK,STOCK,비츠로시스,
STOCK,STOCK,비츠로테크,
STOCK,STOCK,비투엔,
STOCK,STOCK,비트나인,
STOCK,STOCK,비트컴퓨터,
STOCK,STOCK,빅솔론,
STOCK,STOCK,빅텍,
STOCK,STOCK,빙그레,
STOCK,STOCK,사람인에이치알,
STOCK,STOCK,사조대림,
STOCK,STOCK,사조동아원,
STOCK,STOCK,사조산업,
STOCK,STOCK,사조씨푸드,
STOCK,STOCK,사조오양,
STOCK,STOCK,삼강엠앤티,
STOCK,STOCK,삼기,
STOCK,STOCK,삼륭물산,
STOCK,STOCK,삼목에스폼,
STOCK,STOCK,삼보모터스,
STOCK,STOCK,삼보판지,
STOCK,STOCK,삼부토건,
STOCK,STOCK,삼성SDI우,
STOCK,STOCK,삼성공조,
STOCK,STOCK,삼성레버리지WTI원유선물ETN,
STOCK,STOCK,삼성레버리지천연가스선물ETNB,
STOCK,STOCK,삼성물산우B,
STOCK,STOCK,삼성인버스2X천연가스선물ETNB,
STOCK,STOCK,삼성제약,
STOCK,STOCK,삼성출판사,
STOCK,STOCK,삼성코스피양매도5%OTMETN,
STOCK,STOCK,삼아알미늄,
STOCK,STOCK,삼아제약,
STOCK,STOCK,삼양사,
STOCK,STOCK,삼양식품,
STOCK,STOCK,삼양옵틱스,
STOCK,STOCK,삼양통상,
STOCK,STOCK,삼양패키징,
STOCK,STOCK,삼영무역,
STOCK,STOCK,삼영전자,
STOCK,STOCK,삼영화학,
STOCK,STOCK,삼원강재,
STOCK,STOCK,삼익THK,
STOCK,STOCK,삼익악기,
STOCK,STOCK,삼일씨엔에스,
STOCK,STOCK,삼일제약,
STOCK,STOCK,삼정펄프,
STOCK,STOCK,삼지전자,
STOCK,STOCK,삼진제약,
STOCK,STOCK,삼천당제약,
STOCK,STOCK,삼천리,
STOCK,STOCK,삼천리자전거,
STOCK,STOCK,삼표시멘트,
STOCK,STOCK,삼호개발,
STOCK,STOCK,삼화네트웍스,
STOCK,STOCK,삼화왕관,
STOCK,STOCK,삼화전기,
STOCK,STOCK,삼화콘덴서,
STOCK,STOCK,삼화페인트,
STOCK,STOCK,상보,
STOCK,STOCK,상상인,
STOCK,STOCK,상상인증권,
STOCK,STOCK,상신브레이크,
STOCK,STOCK,상신이디피,
STOCK,STOCK,상아프론테크,
STOCK,STOCK,상지카일룸,
STOCK,STOCK,새로닉스,
STOCK,STOCK,새론오토모티브,
STOCK,STOCK,샘씨엔에스,
STOCK,STOCK,샘표,
STOCK,STOCK,샘표식품,
STOCK,STOCK,서린바이오,
STOCK,STOCK,서부T&D,
STOCK,STOCK,서연,
STOCK,STOCK,서연이화,
STOCK,STOCK,서울가스,
STOCK,STOCK,서울바이오시스,
STOCK,STOCK,서울반도체,
STOCK,STOCK,서울식품,
STOCK,STOCK,서울옥션,
STOCK,STOCK,서원,
STOCK,STOCK,서원인텍,
STOCK,STOCK,서진시스템,
STOCK,STOCK,서플러스글로벌,
STOCK,STOCK,서한,
STOCK,STOCK,서호전기,
STOCK,STOCK,서흥,
STOCK,STOCK,서희건설,
STOCK,STOCK,석경에이티,
STOCK,STOCK,선광,
STOCK,STOCK,선데이토즈,
STOCK,STOCK,선익시스템,
STOCK,STOCK,선진,
STOCK,STOCK,성광벤드,
STOCK,STOCK,성보화학,
STOCK,STOCK,성신양회,
STOCK,STOCK,성우하이텍,
STOCK,STOCK,성창기업지주,
STOCK,STOCK,성호전자,
STOCK,STOCK,세경하이테크,
STOCK,STOCK,세방,
STOCK,STOCK,세아베스틸,
STOCK,STOCK,세아제강,
STOCK,STOCK,세아제강지주,
STOCK,STOCK,세아특수강,
STOCK,STOCK,세아홀딩스,
STOCK,STOCK,세운메디칼,
STOCK,STOCK,세원,
STOCK,STOCK,세원이앤씨,
STOCK,STOCK,세원정공,
STOCK,STOCK,세이브존I&C,
STOCK,STOCK,세종공업,
STOCK,STOCK,세종메디칼,
STOCK,STOCK,세종텔레콤,
STOCK,STOCK,세진중공업,
STOCK,STOCK,세코닉스,
STOCK,STOCK,세틀뱅크,
STOCK,STOCK,세하,
STOCK,STOCK,센코,
STOCK,STOCK,센트랄모텍,
STOCK,STOCK,셀레믹스,
STOCK,STOCK,셀루메드,
STOCK,STOCK,셀리드,
STOCK,STOCK,셀리버리,
STOCK,STOCK,셀바스AI,
STOCK,STOCK,셀트리온제약,
STOCK,STOCK,셀트리온헬스케어,
STOCK,STOCK,소룩스,
STOCK,STOCK,소마젠,
STOCK,STOCK,소프트센,
STOCK,STOCK,솔루스첨단소재,
STOCK,STOCK,솔루스첨단소재1우,
STOCK,STOCK,솔루엠,
STOCK,STOCK,솔본,
STOCK,STOCK,솔브레인,
STOCK,STOCK,솔브레인홀딩스,
STOCK,STOCK,솔트룩스,
STOCK,STOCK,송원산업,
STOCK,STOCK,쇼박스,
STOCK,STOCK,수산아이앤티,
STOCK,STOCK,수산중공업,
STOCK,STOCK,수성이노베이션,
STOCK,STOCK,슈프리마,
STOCK,STOCK,슈피겐코리아,
STOCK,STOCK,스카이라이프,
STOCK,STOCK,스튜디오드래곤,
STOCK,STOCK,스틱인베스트먼트,
STOCK,STOCK,시공테크,
STOCK,STOCK,시그네틱스,
STOCK,STOCK,시너지이노베이션,
STOCK,STOCK,시노펙스,
STOCK,STOCK,시디즈,
STOCK,STOCK,시스웍,
STOCK,STOCK,신대양제지,
STOCK,STOCK,신도기연,
STOCK,STOCK,신도리코,
STOCK,STOCK,신라교역,
STOCK,STOCK,신라젠,
STOCK,STOCK,신성델타테크,
STOCK,STOCK,신성이엔지,
STOCK,STOCK,신성통상,
STOCK,STOCK,신세계I&C,
STOCK,STOCK,신세계건설,
STOCK,STOCK,신세계푸드,
STOCK,STOCK,신송홀딩스,
STOCK,STOCK,신영와코루,
STOCK,STOCK,신영증권,
STOCK,STOCK,신원,
STOCK,STOCK,신원종합개발,
STOCK,STOCK,신일전자,
STOCK,STOCK,신일제약,
STOCK,STOCK,신테카바이오,
STOCK,STOCK,신풍제지,
STOCK,STOCK,신한WTI원유선물ETN(H),
STOCK,STOCK,신한레버리지WTI원유선물ETN(H),
STOCK,STOCK,신한레버리지은선물ETN(H),
STOCK,STOCK,신한레버리지천연가스선물ETN,
STOCK,STOCK,신한서부티엔디리츠,
STOCK,STOCK,신한알파리츠,
STOCK,STOCK,신흥,
STOCK,STOCK,신흥에스이씨,
STOCK,STOCK,실리콘투,
STOCK,STOCK,심텍,
STOCK,STOCK,심텍홀딩스,
STOCK,STOCK,싸이맥스,
STOCK,STOCK,싸이토젠,
STOCK,STOCK,쌍방울,
STOCK,STOCK,쌍용차,
STOCK,STOCK,써니전자,
STOCK,STOCK,썸에이지,
STOCK,STOCK,쎄트렉아이,
STOCK,STOCK,쎌마테라퓨틱스,
STOCK,STOCK,쎌바이오텍,
STOCK,STOCK,쏠리드,
STOCK,STOCK,씨아이에스,
STOCK,STOCK,씨아이테크,
STOCK,STOCK,씨앤씨인터내셔널,
STOCK,STOCK,씨앤지하이테크,
STOCK,STOCK,씨앤투스성진,
STOCK,STOCK,씨에스베어링,
STOCK,STOCK,씨엠에스에듀,
STOCK,STOCK,씨유테크,
STOCK,STOCK,씨이랩,
STOCK,STOCK,씨젠,
STOCK,STOCK,씨티씨바이오,
STOCK,STOCK,씨티케이,
STOCK,STOCK,아가방컴퍼니,
STOCK,STOCK,아나패스,
STOCK,STOCK,아난티,
STOCK,STOCK,아남전자,
STOCK,STOCK,아모그린텍,
STOCK,STOCK,아모레G3우(전환),
STOCK,STOCK,아모레G우,
STOCK,STOCK,아모센스,
STOCK,STOCK,아모텍,
STOCK,STOCK,아미노로직스,
STOCK,STOCK,아미코젠,
STOCK,STOCK,아바코,
STOCK,STOCK,아바텍,
STOCK,STOCK,아비코전자,
STOCK,STOCK,아세아,
STOCK,STOCK,아세아시멘트,
STOCK,STOCK,아세아제지,
STOCK,STOCK,아센디오,
STOCK,STOCK,아스트,
STOCK,STOCK,아스플로,
STOCK,STOCK,아시아경제,
STOCK,STOCK,아시아나IDT,
STOCK,STOCK,아이디스,
STOCK,STOCK,아이디스홀딩스,
STOCK,STOCK,아이마켓코리아,
STOCK,STOCK,아이비김영,
STOCK,STOCK,아이센스,
STOCK,STOCK,아이쓰리시스템,
STOCK,STOCK,아이씨디,
STOCK,STOCK,아이씨케이,
STOCK,STOCK,아이에이,
STOCK,STOCK,아이엘사이언스,
STOCK,STOCK,아이오케이,
STOCK,STOCK,아이원스,
STOCK,STOCK,아이진,
STOCK,STOCK,아이퀘스트,
STOCK,STOCK,아이큐어,
STOCK,STOCK,아이텍,
STOCK,STOCK,아이티아이즈,
STOCK,STOCK,아이티엠반도체,
STOCK,STOCK,아주IB투자,
STOCK,STOCK,아주스틸,
STOCK,STOCK,아진산업,
STOCK,STOCK,아진엑스텍,
STOCK,STOCK,아톤,
STOCK,STOCK,아프리카TV,
STOCK,STOCK,안국약품,
STOCK,STOCK,안랩,
STOCK,STOCK,안트로젠,
STOCK,STOCK,알루코,
STOCK,STOCK,알리코제약,
STOCK,STOCK,알비더블유,
STOCK,STOCK,알서포트,
STOCK,STOCK,알에스오토메이션,
STOCK,STOCK,알에프텍,
STOCK,STOCK,알엔투테크놀로지,
STOCK,STOCK,알체라,
STOCK,STOCK,알테오젠,
STOCK,STOCK,압타머사이언스,
STOCK,STOCK,압타바이오,
STOCK,STOCK,애경산업,
STOCK,STOCK,애경케미칼,
STOCK,STOCK,애니플러스,
STOCK,STOCK,애머릿지,
STOCK,STOCK,액션스퀘어,
STOCK,STOCK,액토즈소프트,
STOCK,STOCK,앤디포스,
STOCK,STOCK,앤씨앤,
STOCK,STOCK,앱코,
STOCK,STOCK,앱클론,
STOCK,STOCK,야스,
STOCK,STOCK,얍엑스,
STOCK,STOCK,양지사,
STOCK,STOCK,어보브반도체,
STOCK,STOCK,에너토크,
STOCK,STOCK,에넥스,
STOCK,STOCK,에디슨EV,
STOCK,STOCK,에브리봇,
STOCK,STOCK,에스넷,
STOCK,STOCK,에스디바이오센서,
STOCK,STOCK,에스맥,
STOCK,STOCK,에스씨엠생명과학,
STOCK,STOCK,에스앤에스텍,
STOCK,STOCK,에스에이엠티,
STOCK,STOCK,에스에이티이엔지,
STOCK,STOCK,에스에프에이,
STOCK,STOCK,에스엔유,
STOCK,STOCK,에스엠,
STOCK,STOCK,에스엠코어,
STOCK,STOCK,에스와이,
STOCK,STOCK,에스제이그룹,
STOCK,STOCK,에스코넥,
STOCK,STOCK,에스텍,
STOCK,STOCK,에스텍파마,
STOCK,STOCK,에스트래픽,
STOCK,STOCK,에스티아이,
STOCK,STOCK,에스티큐브,
STOCK,STOCK,에스티팜,
STOCK,STOCK,에스퓨얼셀,
STOCK,STOCK,에스피지,
STOCK,STOCK,에쓰씨엔지니어링,
STOCK,STOCK,에어부산,
STOCK,STOCK,에이디엠코리아,
STOCK,STOCK,에이디테크놀로지,
STOCK,STOCK,에이루트,
STOCK,STOCK,에이블씨엔씨,
STOCK,STOCK,에이비엘바이오,
STOCK,STOCK,에이비온,
STOCK,STOCK,에이비프로바이오,
STOCK,STOCK,에이스침대,
STOCK,STOCK,에이스테크,
STOCK,STOCK,에이스토리,
STOCK,STOCK,에이에프더블류,
STOCK,STOCK,에이치시티,
STOCK,STOCK,에이치엔티,
STOCK,STOCK,에이치엘비파워,
STOCK,STOCK,에이치엘사이언스,
STOCK,STOCK,에이치피오,
STOCK,STOCK,에이테크솔루션,
STOCK,STOCK,에이텍,
STOCK,STOCK,에이텍티앤,
STOCK,STOCK,에이트원,
STOCK,STOCK,에이티넘인베스트,
STOCK,STOCK,에이팩트,
STOCK,STOCK,에이프로,
STOCK,STOCK,에이프로젠H&G,
STOCK,STOCK,에이프로젠MED,
STOCK,STOCK,에이프로젠제약,
STOCK,STOCK,에이플러스에셋,
STOCK,STOCK,에이피티씨,
STOCK,STOCK,에치에프알,
STOCK,STOCK,에코마케팅,
STOCK,STOCK,에코캡,
STOCK,STOCK,에코프로,
STOCK,STOCK,에코프로비엠,
STOCK,STOCK,에코프로에이치엔,
STOCK,STOCK,에프앤가이드,
STOCK,STOCK,에프에스티,
STOCK,STOCK,에프엔씨엔터,
STOCK,STOCK,에프엔에스테크,
STOCK,STOCK,엑세스바이오,
STOCK,STOCK,엑셈,
STOCK,STOCK,엑시콘,
STOCK,STOCK,엔바이오니아,
STOCK,STOCK,엔브이에이치코리아,
STOCK,STOCK,엔비티,
STOCK,STOCK,엔시스,
STOCK,STOCK,엔에스,
STOCK,STOCK,엔에스쇼핑,
STOCK,STOCK,엔에이치스팩19호,
STOCK,STOCK,엔에프씨,
STOCK,STOCK,엔젠바이오,
STOCK,STOCK,엔지켐생명과학,
STOCK,STOCK,엔케이,
STOCK,STOCK,엔케이맥스,
STOCK,STOCK,엔켐,
STOCK,STOCK,엔텔스,
STOCK,STOCK,엔투텍,
STOCK,STOCK,엔피,
STOCK,STOCK,엘브이엠씨홀딩스,
STOCK,STOCK,엘비루셈,
STOCK,STOCK,엘비세미콘,
STOCK,STOCK,엘아이에스,
STOCK,STOCK,엘앤씨바이오,
STOCK,STOCK,엘앤에프,
STOCK,STOCK,엘앤케이바이오,
STOCK,STOCK,엘오티베큠,
STOCK,STOCK,엘컴텍,
STOCK,STOCK,엘티씨,
STOCK,STOCK,엠게임,
STOCK,STOCK,엠로,
STOCK,STOCK,엠벤처투자,
STOCK,STOCK,엠씨넥스,
STOCK,STOCK,엠아이텍,
STOCK,STOCK,엠에스씨,
STOCK,STOCK,엠에스오토텍,
STOCK,STOCK,엠케이전자,
STOCK,STOCK,엠투아이,
STOCK,STOCK,엠투엔,
STOCK,STOCK,엠플러스,
STOCK,STOCK,엠피대산,
STOCK,STOCK,연우,
STOCK,STOCK,영보화학,
STOCK,STOCK,영우디에스피,
STOCK,STOCK,영원무역홀딩스,
STOCK,STOCK,영풍정밀,
STOCK,STOCK,영풍제지,
STOCK,STOCK,영화금속,
STOCK,STOCK,영화테크,
STOCK,STOCK,영흥,
STOCK,STOCK,예스24,
STOCK,STOCK,예스코홀딩스,
STOCK,STOCK,예스티,
STOCK,STOCK,오디텍,
STOCK,STOCK,오로라,
STOCK,STOCK,오로스테크놀로지,
STOCK,STOCK,오르비텍,
STOCK,STOCK,오리엔탈정공,
STOCK,STOCK,오리엔트바이오,
STOCK,STOCK,오비고,
STOCK,STOCK,오상자이엘,
STOCK,STOCK,오성첨단소재,
STOCK,STOCK,오션브릿지,
STOCK,STOCK,오스코텍,
STOCK,STOCK,오스템임플란트,
STOCK,STOCK,오이솔루션,
STOCK,STOCK,오킨스전자,
STOCK,STOCK,오텍,
STOCK,STOCK,오토앤,
STOCK,STOCK,오픈베이스,
STOCK,STOCK,올리패스,
STOCK,STOCK,올릭스,
STOCK,STOCK,옴니시스템,
STOCK,STOCK,옵트론텍,
STOCK,STOCK,옵티시스,
STOCK,STOCK,옵티팜,
STOCK,STOCK,와이더플래닛,
STOCK,STOCK,와이솔,
STOCK,STOCK,와이아이케이,
STOCK,STOCK,와이어블,
STOCK,STOCK,와이엔텍,
STOCK,STOCK,와이엠씨,
STOCK,STOCK,와이엠텍,
STOCK,STOCK,와이엠티,
STOCK,STOCK,와이제이엠게임즈,
STOCK,STOCK,와이지엔터테인먼트,
STOCK,STOCK,와이지-원,
STOCK,STOCK,와이투솔루션,
STOCK,STOCK,와이팜,
STOCK,STOCK,용평리조트,
STOCK,STOCK,우리기술,
STOCK,STOCK,우리기술투자,
STOCK,STOCK,우리들휴브레인,
STOCK,STOCK,우리바이오,
STOCK,STOCK,우리산업,
STOCK,STOCK,우리산업홀딩스,
STOCK,STOCK,우리손에프앤지,
STOCK,STOCK,우리종금,
STOCK,STOCK,우성,
STOCK,STOCK,우수AMS,
STOCK,STOCK,우신시스템,
STOCK,STOCK,우주일렉트로,
STOCK,STOCK,우진,
STOCK,STOCK,우진플라임,
STOCK,STOCK,웅진,
STOCK,STOCK,웅진씽크빅,
STOCK,STOCK,원방테크,
STOCK,STOCK,원익IPS,
STOCK,STOCK,원익QnC,
STOCK,STOCK,원익머트리얼즈,
STOCK,STOCK,원익큐브,
STOCK,STOCK,원익피앤이,
STOCK,STOCK,원익홀딩스,
STOCK,STOCK,원준,
STOCK,STOCK,원티드랩,
STOCK,STOCK,월덱스,
STOCK,STOCK,웰바이오텍,
STOCK,STOCK,웰크론,
STOCK,STOCK,웹스,
STOCK,STOCK,웹젠,
STOCK,STOCK,웹케시,
STOCK,STOCK,위니아딤채,
STOCK,STOCK,위닉스,
STOCK,STOCK,위더스제약,
STOCK,STOCK,위드텍,
STOCK,STOCK,위메이드,
STOCK,STOCK,위메이드맥스,
STOCK,STOCK,위세아이텍,
STOCK,STOCK,위즈코프,
STOCK,STOCK,위지윅스튜디오,
STOCK,STOCK,위지트,
STOCK,STOCK,윈스,
STOCK,STOCK,윈팩,
STOCK,STOCK,윌링스,
STOCK,STOCK,윌비스,
STOCK,STOCK,유나이티드제약,
STOCK,STOCK,유니드,
STOCK,STOCK,유니셈,
STOCK,STOCK,유니슨,
STOCK,STOCK,유니온,
STOCK,STOCK,유니온머티리얼,
STOCK,STOCK,유니켐,
STOCK,STOCK,유니퀘스트,
STOCK,STOCK,유니크,
STOCK,STOCK,유니테스트,
STOCK,STOCK,유니테크노,
STOCK,STOCK,유라테크,
STOCK,STOCK,유바이오로직스,
STOCK,STOCK,유비벨록스,
STOCK,STOCK,유비케어,
STOCK,STOCK,유비쿼스,
STOCK,STOCK,유비쿼스홀딩스,
STOCK,STOCK,유성기업,
STOCK,STOCK,유성티엔에스,
STOCK,STOCK,유수홀딩스,
STOCK,STOCK,유안타증권,
STOCK,STOCK,유에스티,
STOCK,STOCK,유엔젤,
STOCK,STOCK,유유제약,
STOCK,STOCK,유일에너테크,
STOCK,STOCK,유진기업,
STOCK,STOCK,유진로봇,
STOCK,STOCK,유진테크,
STOCK,STOCK,유진투자증권,
STOCK,STOCK,유티아이,
STOCK,STOCK,유틸렉스,
STOCK,STOCK,유화증권,
STOCK,STOCK,율촌화학,
STOCK,STOCK,이건산업,
STOCK,STOCK,이건홀딩스,
STOCK,STOCK,이구산업,
STOCK,STOCK,이노뎁,
STOCK,STOCK,이노메트리,
STOCK,STOCK,이노션,
STOCK,STOCK,이노와이어리스,
STOCK,STOCK,이녹스,
STOCK,STOCK,이녹스첨단소재,
STOCK,STOCK,이니텍,
STOCK,STOCK,이라이콤,
STOCK,STOCK,이랜시스,
STOCK,STOCK,이랜텍,
STOCK,STOCK,이리츠코크렙,
STOCK,STOCK,이베스트투자증권,
STOCK,STOCK,이삭엔지니어링,
STOCK,STOCK,이수앱지스,
STOCK,STOCK,이수페타시스,
STOCK,STOCK,이수화학,
STOCK,STOCK,이스타코,
STOCK,STOCK,이스트소프트,
STOCK,STOCK,이아이디,
STOCK,STOCK,이엔드디,
STOCK,STOCK,이엔에프테크놀로지,
STOCK,STOCK,이엔코퍼레이션,
STOCK,STOCK,이엔플러스,
STOCK,STOCK,이엠넷,
STOCK,STOCK,이엠코리아,
STOCK,STOCK,이엠텍,
STOCK,STOCK,이연제약,
STOCK,STOCK,이오테크닉스,
STOCK,STOCK,이오플로우,
STOCK,STOCK,이원컴포텍,
STOCK,STOCK,이월드,
STOCK,STOCK,이즈미디어,
STOCK,STOCK,이지바이오,
STOCK,STOCK,이지스레지던스리츠,
STOCK,STOCK,이지스밸류리츠,
STOCK,STOCK,이지케어텍,
STOCK,STOCK,이지홀딩스,
STOCK,STOCK,이크레더블,
STOCK,STOCK,이트론,
STOCK,STOCK,이화공영,
STOCK,STOCK,이화전기,
STOCK,STOCK,인디에프,
STOCK,STOCK,인바디,
STOCK,STOCK,인바이오젠,
STOCK,STOCK,인선이엔티,
STOCK,STOCK,인성정보,
STOCK,STOCK,인스코비,
STOCK,STOCK,인지디스플레,
STOCK,STOCK,인지컨트롤스,
STOCK,STOCK,인천도시가스,
STOCK,STOCK,인크로스,
STOCK,STOCK,인탑스,
STOCK,STOCK,인터로조,
STOCK,STOCK,인터지스,
STOCK,STOCK,인터파크,
STOCK,STOCK,인터플렉스,
STOCK,STOCK,인텍플러스,
STOCK,STOCK,인텔리안테크,
STOCK,STOCK,인트로메딕,
STOCK,STOCK,인트론바이오,
STOCK,STOCK,인팩,
STOCK,STOCK,인포뱅크,
STOCK,STOCK,인피니트헬스케어,
STOCK,STOCK,인피니티엔티,
STOCK,STOCK,인화정공,
STOCK,STOCK,일동제약,
STOCK,STOCK,일동홀딩스,
STOCK,STOCK,일성건설,
STOCK,STOCK,일성신약,
STOCK,STOCK,일신바이오,
STOCK,STOCK,일신방직,
STOCK,STOCK,일신석재,
STOCK,STOCK,일양약품,
STOCK,STOCK,일진다이아,
STOCK,STOCK,일진디스플,
STOCK,STOCK,일진전기,
STOCK,STOCK,일진파워,
STOCK,STOCK,일진하이솔루스,
STOCK,STOCK,일진홀딩스,
STOCK,STOCK,잇츠한불,
STOCK,STOCK,잉글우드랩,
STOCK,STOCK,잉크테크,
STOCK,STOCK,자이언트스텝,
STOCK,STOCK,자이에스앤디,
STOCK,STOCK,자화전자,
STOCK,STOCK,전방,
STOCK,STOCK,정산애강,
STOCK,STOCK,정상제이엘에스,
STOCK,STOCK,제넥신,
STOCK,STOCK,제넨바이오,
STOCK,STOCK,제노레이,
STOCK,STOCK,제노코,
STOCK,STOCK,제노포커스,
STOCK,STOCK,제놀루션,
STOCK,STOCK,제로투세븐,
STOCK,STOCK,제우스,
STOCK,STOCK,제이브이엠,
STOCK,STOCK,제이스텍,
STOCK,STOCK,제이시스메디칼,
STOCK,STOCK,제이씨케미칼,
STOCK,STOCK,제이씨현시스템,
STOCK,STOCK,제이알글로벌리츠,
STOCK,STOCK,제이앤티씨,
STOCK,STOCK,제이에스코퍼레이션,
STOCK,STOCK,제이엔케이히터,
STOCK,STOCK,제이엘케이,
STOCK,STOCK,제이준코스메틱,
STOCK,STOCK,제이콘텐트리,
STOCK,STOCK,제이티,
STOCK,STOCK,제일약품,
STOCK,STOCK,제일연마,
STOCK,STOCK,제일전기공업,
STOCK,STOCK,제일파마홀딩스,
STOCK,STOCK,제주맥주,
STOCK,STOCK,제주반도체,
STOCK,STOCK,제주은행,
STOCK,STOCK,제주항공,
STOCK,STOCK,제테마,
STOCK,STOCK,젠큐릭스,
STOCK,STOCK,젬백스,
STOCK,STOCK,젬백스링크,
STOCK,STOCK,젬백스지오,
STOCK,STOCK,조광ILI,
STOCK,STOCK,조광페인트,
STOCK,STOCK,조광피혁,
STOCK,STOCK,조비,
STOCK,STOCK,조선내화,
STOCK,STOCK,조선선재,
STOCK,STOCK,조아제약,
STOCK,STOCK,조이시티,
STOCK,STOCK,조일알미늄,
STOCK,STOCK,조흥,
STOCK,STOCK,종근당바이오,
STOCK,STOCK,종근당홀딩스,
STOCK,STOCK,주성엔지니어링,
STOCK,STOCK,주연테크,
STOCK,STOCK,줌인터넷,
STOCK,STOCK,중앙백신,
STOCK,STOCK,중앙에너비스,
STOCK,STOCK,지노믹트리,
STOCK,STOCK,지놈앤컴퍼니,
STOCK,STOCK,지니너스,
STOCK,STOCK,지니뮤직,
STOCK,STOCK,지니언스,
STOCK,STOCK,지니틱스,
STOCK,STOCK,지씨셀,
STOCK,STOCK,지아이텍,
STOCK,STOCK,지앤비에스엔지니어링,
STOCK,STOCK,지어소프트,
STOCK,STOCK,지엠비코리아,
STOCK,STOCK,지역난방공사,
STOCK,STOCK,지오엘리먼트,
STOCK,STOCK,지코,
STOCK,STOCK,지투알,
STOCK,STOCK,진로발효,
STOCK,STOCK,진매트릭스,
STOCK,STOCK,진성티이씨,
STOCK,STOCK,진양산업,
STOCK,STOCK,진양폴리,
STOCK,STOCK,진양홀딩스,
STOCK,STOCK,진양화학,
STOCK,STOCK,진에어,
STOCK,STOCK,진원생명과학,
STOCK,STOCK,진흥기업,
STOCK,STOCK,차바이오텍,
STOCK,STOCK,차백신연구소,
STOCK,STOCK,참엔지니어링,
STOCK,STOCK,참좋은여행,
STOCK,STOCK,창해에탄올,
STOCK,STOCK,천보,
STOCK,STOCK,천일고속,
STOCK,STOCK,청담러닝,
STOCK,STOCK,초록뱀미디어,
STOCK,STOCK,초록뱀컴퍼니,
STOCK,STOCK,칩스앤미디어,
STOCK,STOCK,카스,
STOCK,STOCK,카이노스메드,
STOCK,STOCK,카카오게임즈,
STOCK,STOCK,카페24,
STOCK,STOCK,카프로,
STOCK,STOCK,캐리소프트,
STOCK,STOCK,캔서롭,
STOCK,STOCK,캠시스,
STOCK,STOCK,컨버즈,
STOCK,STOCK,컴투스,
STOCK,STOCK,컴투스홀딩스,
STOCK,STOCK,컴퍼니케이,
STOCK,STOCK,케어랩스,
STOCK,STOCK,케어젠,
STOCK,STOCK,케이비아이동국실업,
STOCK,STOCK,케이사인,
STOCK,STOCK,케이씨,
STOCK,STOCK,케이씨텍,
STOCK,STOCK,케이씨티,
STOCK,STOCK,케이아이엔엑스,
STOCK,STOCK,케이엔더블유,
STOCK,STOCK,케이엔제이,
STOCK,STOCK,케이엠더블유,
STOCK,STOCK,케이카,
STOCK,STOCK,케이탑리츠,
STOCK,STOCK,케이티비네트워크,
STOCK,STOCK,케이티알파,
STOCK,STOCK,케이프,
STOCK,STOCK,케이피에스,
STOCK,STOCK,케이피에프,
STOCK,STOCK,케이피엠테크,
STOCK,STOCK,켄코아에어로스페이스,
STOCK,STOCK,켐온,
STOCK,STOCK,켐트로닉스,
STOCK,STOCK,켐트로스,
STOCK,STOCK,코나아이,
STOCK,STOCK,코람코에너지리츠,
STOCK,STOCK,코렌텍,
STOCK,STOCK,코리아나,
STOCK,STOCK,코리아센터,
STOCK,STOCK,코리아써키트,
STOCK,STOCK,코리안리,
STOCK,STOCK,코메론,
STOCK,STOCK,코미코,
STOCK,STOCK,코미팜,
STOCK,STOCK,코세스,
STOCK,STOCK,코스맥스비티아이,
STOCK,STOCK,코스맥스엔비티,
STOCK,STOCK,코스메카코리아,
STOCK,STOCK,코스모신소재,
STOCK,STOCK,코스모화학,
STOCK,STOCK,코아스템,
STOCK,STOCK,코아시아,
STOCK,STOCK,코아시아옵틱스,
STOCK,STOCK,코엔텍,
STOCK,STOCK,코오롱,
STOCK,STOCK,코오롱글로벌,
STOCK,STOCK,코오롱생명과학,
STOCK,STOCK,코오롱티슈진,
STOCK,STOCK,코오롱플라스틱,
STOCK,STOCK,코웰패션,
STOCK,STOCK,코윈테크,
STOCK,STOCK,코이즈,
STOCK,STOCK,코콤,
STOCK,STOCK,코텍,
STOCK,STOCK,코퍼스코리아,
STOCK,STOCK,코프라,
STOCK,STOCK,콜마비앤에이치,
STOCK,STOCK,콤텍시스템,
STOCK,STOCK,쿠콘,
STOCK,STOCK,퀀타매트릭스,
STOCK,STOCK,큐라클,
STOCK,STOCK,큐렉소,
STOCK,STOCK,큐로,
STOCK,STOCK,큐로컴,
STOCK,STOCK,큐리언트,
STOCK,STOCK,큐브엔터,
STOCK,STOCK,큐에스아이,
STOCK,STOCK,큐캐피탈,
STOCK,STOCK,크라운제과,
STOCK,STOCK,크라운해태홀딩스,
STOCK,STOCK,크리스에프앤씨,
STOCK,STOCK,크리스탈신소재,
STOCK,STOCK,크리스탈지노믹스,
STOCK,STOCK,크린앤사이언스,
STOCK,STOCK,클래시스,
STOCK,STOCK,클리노믹스,
STOCK,STOCK,클리오,
STOCK,STOCK,키네마스터,
STOCK,STOCK,키다리스튜디오,
STOCK,STOCK,키이스트,
STOCK,STOCK,타이거일렉,
STOCK,STOCK,탑엔지니어링,
STOCK,STOCK,탑코미디어,
STOCK,STOCK,태경비케이,
STOCK,STOCK,태경산업,
STOCK,STOCK,태경케미컬,
STOCK,STOCK,태광,
STOCK,STOCK,태림포장,
STOCK,STOCK,태영건설,
STOCK,STOCK,태웅,
STOCK,STOCK,태웅로직스,
STOCK,STOCK,태평양물산,
STOCK,STOCK,테고사이언스,
STOCK,STOCK,테라사이언스,
STOCK,STOCK,테라젠이텍스,
STOCK,STOCK,테스,
STOCK,STOCK,테스나,
STOCK,STOCK,테이팩스,
STOCK,STOCK,테크윙,
STOCK,STOCK,텔레칩스,
STOCK,STOCK,텔코웨어,
STOCK,STOCK,텔콘RF제약,
STOCK,STOCK,토니모리,
STOCK,STOCK,토비스,
STOCK,STOCK,톱텍,
STOCK,STOCK,툴젠,
STOCK,STOCK,트루윈,
STOCK,STOCK,트윔,
STOCK,STOCK,특수건설,
STOCK,STOCK,티로보틱스,
STOCK,STOCK,티비씨,
STOCK,STOCK,티사이언티픽,
STOCK,STOCK,티씨케이,
STOCK,STOCK,티앤알바이오팹,
STOCK,STOCK,티앤엘,
STOCK,STOCK,티에스아이,
STOCK,STOCK,티에스이,
STOCK,STOCK,티에이치엔,
STOCK,STOCK,티엘비,
STOCK,STOCK,티와이홀딩스,
STOCK,STOCK,티움바이오,
STOCK,STOCK,티웨이항공,
STOCK,STOCK,티웨이홀딩스,
STOCK,STOCK,티케이케미칼,
STOCK,STOCK,티플랙스,
STOCK,STOCK,팅크웨어,
STOCK,STOCK,파나진,
STOCK,STOCK,파라다이스,
STOCK,STOCK,파라텍,
STOCK,STOCK,파마리서치,
STOCK,STOCK,파멥신,
STOCK,STOCK,파미셀,
STOCK,STOCK,파세코,
STOCK,STOCK,파수,
STOCK,STOCK,파워넷,
STOCK,STOCK,파워로직스,
STOCK,STOCK,파이오링크,
STOCK,STOCK,파인테크닉스,
STOCK,STOCK,파크시스템스,
STOCK,STOCK,파트론,
STOCK,STOCK,팜스빌,
STOCK,STOCK,팜스코,
STOCK,STOCK,팜스토리,
STOCK,STOCK,팜젠사이언스,
STOCK,STOCK,팬엔터테인먼트,
STOCK,STOCK,퍼스텍,
STOCK,STOCK,퍼시스,
STOCK,STOCK,펄어비스,
STOCK,STOCK,펌텍코리아,
STOCK,STOCK,페이퍼코리아,
STOCK,STOCK,펩트론,
STOCK,STOCK,평화산업,
STOCK,STOCK,포스코ICT,
STOCK,STOCK,포스코강판,
STOCK,STOCK,포스코엠텍,
STOCK,STOCK,포인트모바일,
STOCK,STOCK,포인트엔지니어링,
STOCK,STOCK,푸드나무,
STOCK,STOCK,푸른저축은행,
STOCK,STOCK,풀무원,
STOCK,STOCK,풍국주정,
STOCK,STOCK,풍산홀딩스,
STOCK,STOCK,퓨쳐켐,
STOCK,STOCK,프레스티지바이오로직스,
STOCK,STOCK,프레스티지바이오파마,
STOCK,STOCK,프로스테믹스,
STOCK,STOCK,프로이천,
STOCK,STOCK,프로텍,
STOCK,STOCK,프롬바이오,
STOCK,STOCK,프리시젼바이오,
STOCK,STOCK,플래티어,
STOCK,STOCK,플레이그램,
STOCK,STOCK,플레이위드,
STOCK,STOCK,플리토,
STOCK,STOCK,피씨디렉트,
STOCK,STOCK,피씨엘,
STOCK,STOCK,피에스케이,
STOCK,STOCK,피에스케이홀딩스,
STOCK,STOCK,피에이치씨,
STOCK,STOCK,피에이치에이,
STOCK,STOCK,피엔에이치테크,
STOCK,STOCK,피엔케이피부임상연구센타,
STOCK,STOCK,피엔티,
STOCK,STOCK,피제이메탈,
STOCK,STOCK,피제이전자,
STOCK,STOCK,피플바이오,
STOCK,STOCK,픽셀플러스,
STOCK,STOCK,필옵틱스,
STOCK,STOCK,핌스,
STOCK,STOCK,핑거,
STOCK,STOCK,하나기술,
STOCK,STOCK,하나마이크론,
STOCK,STOCK,하나머티리얼즈,
STOCK,STOCK,하나제약,
STOCK,STOCK,하나코스피변동성추세추종양매도ETN,
STOCK,STOCK,하나투어,
STOCK,STOCK,하림,
STOCK,STOCK,하림지주,
STOCK,STOCK,하이로닉,
STOCK,STOCK,하이록코리아,
STOCK,STOCK,하이비젼시스템,
STOCK,STOCK,하이트진로홀딩스,
STOCK,STOCK,하츠,
STOCK,STOCK,한국ANKOR유전,
STOCK,STOCK,한국경제TV,
STOCK,STOCK,한국공항,
STOCK,STOCK,한국기업평가,
STOCK,STOCK,한국내화,
STOCK,STOCK,한국단자,
STOCK,STOCK,한국비엔씨,
STOCK,STOCK,한국석유,
STOCK,STOCK,한국선재,
STOCK,STOCK,한국수출포장,
STOCK,STOCK,한국쉘석유,
STOCK,STOCK,한국알콜,
STOCK,STOCK,한국자산신탁,
STOCK,STOCK,한국전자금융,
STOCK,STOCK,한국전자인증,
STOCK,STOCK,한국전자홀딩스,
STOCK,STOCK,한국정보인증,
STOCK,STOCK,한국정보통신,
STOCK,STOCK,한국종합기술,
STOCK,STOCK,한국주강,
STOCK,STOCK,한국주철관,
STOCK,STOCK,한국철강,
STOCK,STOCK,한국카본,
STOCK,STOCK,한국캐피탈,
STOCK,STOCK,한국콜마홀딩스,
STOCK,STOCK,한국테크놀로지,
STOCK,STOCK,한국토지신탁,
STOCK,STOCK,한국특강,
STOCK,STOCK,한국파마,
STOCK,STOCK,한국패러랠,
STOCK,STOCK,한국팩키지,
STOCK,STOCK,한국프랜지,
STOCK,STOCK,한국화장품,
STOCK,STOCK,한국화장품제조,
STOCK,STOCK,한글과컴퓨터,
STOCK,STOCK,한네트,
STOCK,STOCK,한농화성,
STOCK,STOCK,한독,
STOCK,STOCK,한독크린텍,
STOCK,STOCK,한라,
STOCK,STOCK,한라IMS,
STOCK,STOCK,한라홀딩스,
STOCK,STOCK,한미글로벌,
STOCK,STOCK,한미반도체,
STOCK,STOCK,한빛소프트,
STOCK,STOCK,한세예스24홀딩스,
STOCK,STOCK,한솔로지스틱스,
STOCK,STOCK,한솔제지,
STOCK,STOCK,한솔테크닉스,
STOCK,STOCK,한솔홀딩스,
STOCK,STOCK,한솔홈데코,
STOCK,STOCK,한송네오텍,
STOCK,STOCK,한스바이오메드,
STOCK,STOCK,한신공영,
STOCK,STOCK,한신기계,
STOCK,STOCK,한양디지텍,
STOCK,STOCK,한양이엔지,
STOCK,STOCK,한양증권,
STOCK,STOCK,한익스프레스,
STOCK,STOCK,한일시멘트,
STOCK,STOCK,한일철강,
STOCK,STOCK,한일현대시멘트,
STOCK,STOCK,한일홀딩스,
STOCK,STOCK,한전산업,
STOCK,STOCK,한진,
STOCK,STOCK,한진중공업홀딩스,
STOCK,STOCK,한창,
STOCK,STOCK,한창제지,
STOCK,STOCK,한컴MDS,
STOCK,STOCK,한컴라이프케어,
STOCK,STOCK,한컴위드,
STOCK,STOCK,한화3우B,
STOCK,STOCK,한화손해보험,
STOCK,STOCK,한화투자증권,
STOCK,STOCK,해성디에스,
STOCK,STOCK,해성산업,
STOCK,STOCK,해성옵틱스,
STOCK,STOCK,해태제과식품,
STOCK,STOCK,핸즈코퍼레이션,
STOCK,STOCK,헬릭스미스,
STOCK,STOCK,현대건설기계,
STOCK,STOCK,현대공업,
STOCK,STOCK,현대리바트,
STOCK,STOCK,현대무벡스,
STOCK,STOCK,현대바이오,
STOCK,STOCK,현대바이오랜드,
STOCK,STOCK,현대비앤지스틸,
STOCK,STOCK,현대사료,
STOCK,STOCK,현대약품,
STOCK,STOCK,현대에너지솔루션,
STOCK,STOCK,현대오토에버,
STOCK,STOCK,현대이지웰,
STOCK,STOCK,현대일렉트릭,
STOCK,STOCK,현대차3우B,
STOCK,STOCK,현대차증권,
STOCK,STOCK,현대코퍼레이션,
STOCK,STOCK,현대코퍼레이션홀딩스,
STOCK,STOCK,현대퓨처넷,
STOCK,STOCK,현우산업,
STOCK,STOCK,협진,
STOCK,STOCK,형지엘리트,
STOCK,STOCK,혜인,
STOCK,STOCK,호전실업,
STOCK,STOCK,홈센타홀딩스,
STOCK,STOCK,홈캐스트,
STOCK,STOCK,화성산업,
STOCK,STOCK,화승알앤에이,
STOCK,STOCK,화승인더,
STOCK,STOCK,화승코퍼레이션,
STOCK,STOCK,화신,
STOCK,STOCK,화인베스틸,
STOCK,STOCK,화일약품,
STOCK,STOCK,화천기공,
STOCK,STOCK,환인제약,
STOCK,STOCK,황금에스티,
STOCK,STOCK,효성ITX,
STOCK,STOCK,효성중공업,
STOCK,STOCK,효성화학,
STOCK,STOCK,휴니드,
STOCK,STOCK,휴림로봇,
STOCK,STOCK,휴마시스,
STOCK,STOCK,휴맥스,
STOCK,STOCK,휴메딕스,
STOCK,STOCK,휴비스,
STOCK,STOCK,휴비츠,
STOCK,STOCK,휴센텍,
STOCK,STOCK,휴스틸,
STOCK,STOCK,휴온스,
STOCK,STOCK,휴온스글로벌,
STOCK,STOCK,휴온스블러썸,
STOCK,STOCK,휴젤,
STOCK,STOCK,흥구석유,
STOCK,STOCK,흥국에프엔비,
STOCK,STOCK,흥국화재,
STOCK,STOCK,흥아해운,
STOCK,STOCK,희림,
STOCK,STOCK,힘스,
STOCK,STOCK,태광산업,
STOCK,STOCK,대한전선,
STOCK,STOCK,우리금융지주,
STOCK,STOCK,영원무역,
STOCK,STOCK,영풍,
STOCK,STOCK,영진약품,
STOCK,STOCK,지누스,
STOCK,YUHAN,유한양행,
